mean_fit_time,std_fit_time,mean_score_time,std_score_time,param_learning_rate,param_max_depth,param_n_estimators,params,split0_test_score,split1_test_score,split2_test_score,split3_test_score,split4_test_score,mean_test_score,std_test_score,rank_test_score,split0_train_score,split1_train_score,split2_train_score,split3_train_score,split4_train_score,mean_train_score,std_train_score
0.3829313278198242,0.01593958461719741,0.00867447853088379,0.003148633561508243,0.01,3,100,"{'learning_rate': 0.01, 'max_depth': 3, 'n_estimators': 100}",0.5829493087557603,0.7320099255583127,0.8163771712158809,0.6054590570719602,0.738095238095238,0.6949781401394304,0.0877864309653528,1,0.9937106918238994,0.9923215898825655,0.9771153267088226,0.9908160192713039,0.9934570906877663,0.9894841436748715,0.006268343384800624
0.6952183246612549,0.033573853426175936,0.006353044509887695,0.0006541432746499414,0.01,3,200,"{'learning_rate': 0.01, 'max_depth': 3, 'n_estimators': 200}",0.5092165898617511,0.7344913151364765,0.7493796526054591,0.5558312655086849,0.7166666666666666,0.6531170979558076,0.1000986311169511,40,0.9996932044792146,0.9996988858777477,0.9993977717554953,0.9978922011442337,1.0,0.9993364126513382,0.0007467994690039706
1.0387269020080567,0.09331920841075819,0.008400869369506837,0.0025769220468427295,0.01,3,300,"{'learning_rate': 0.01, 'max_depth': 3, 'n_estimators': 300}",0.5,0.7444168734491315,0.7320099255583127,0.6079404466501241,0.7142857142857143,0.6597305919886566,0.0933471058672483,17,1.0,1.0,1.0,0.9996988858777477,1.0,0.9999397771755495,0.00012044564890092423
1.3268909931182862,0.11917449273882445,0.00959916114807129,0.007201343847294367,0.01,3,400,"{'learning_rate': 0.01, 'max_depth': 3, 'n_estimators': 400}",0.49769585253456217,0.7593052109181142,0.7096774193548387,0.6228287841191067,0.7357142857142858,0.6650443105281815,0.09556059250705293,6,1.0,1.0,1.0,1.0,1.0,1.0,0.0
1.658649778366089,0.14119281543468426,0.010231399536132812,0.006524941779372165,0.01,3,500,"{'learning_rate': 0.01, 'max_depth': 3, 'n_estimators': 500}",0.5023041474654378,0.7642679900744417,0.7146401985111662,0.607940446650124,0.7404761904761904,0.6659257946354721,0.09771016945266814,3,1.0,1.0,1.0,1.0,1.0,1.0,0.0
0.44739975929260256,0.03559867185029025,0.006001520156860352,0.000633088587190188,0.01,4,100,"{'learning_rate': 0.01, 'max_depth': 4, 'n_estimators': 100}",0.5714285714285714,0.6997518610421837,0.674937965260546,0.6178660049627792,0.7142857142857143,0.6556540233959589,0.05343412013258649,33,1.0,1.0,0.9974405299608552,0.9989461005721169,1.0,0.9992773261065946,0.0010050177216668734
0.9230666637420655,0.06082974610276224,0.011252737045288086,0.007529281903364718,0.01,4,200,"{'learning_rate': 0.01, 'max_depth': 4, 'n_estimators': 200}",0.5599078341013826,0.6923076923076923,0.6327543424317618,0.6426799007444168,0.6761904761904762,0.640768049155146,0.04586356332395857,76,1.0,1.0,1.0,1.0,1.0,1.0,0.0
1.3886805534362794,0.10507460345964496,0.007200860977172851,0.002396276271571737,0.01,4,300,"{'learning_rate': 0.01, 'max_depth': 4, 'n_estimators': 300}",0.5552995391705069,0.6774193548387096,0.6476426799007444,0.6277915632754343,0.6928571428571428,0.6402020560085078,0.048115498713957566,78,1.0,1.0,1.0,1.0,1.0,1.0,0.0
2.4202991485595704,0.3844472560458021,0.009034347534179688,0.0010982696028844679,0.01,4,400,"{'learning_rate': 0.01, 'max_depth': 4, 'n_estimators': 400}",0.5368663594470046,0.6873449131513648,0.6401985111662531,0.607940446650124,0.7023809523809523,0.6349462365591398,0.059446822586367354,95,1.0,1.0,1.0,1.0,1.0,1.0,0.0
3.110130214691162,0.3088763950096534,0.012203121185302734,0.004910862829645072,0.01,4,500,"{'learning_rate': 0.01, 'max_depth': 4, 'n_estimators': 500}",0.5276497695852534,0.7146401985111662,0.6575682382133995,0.6178660049627792,0.6880952380952381,0.6411638898735672,0.0652666361436103,75,1.0,1.0,1.0,1.0,1.0,1.0,0.0
0.8861308574676514,0.1010892085176838,0.012637519836425781,0.009238811695012407,0.01,5,100,"{'learning_rate': 0.01, 'max_depth': 5, 'n_estimators': 100}",0.4930875576036866,0.694789081885856,0.6799007444168735,0.6277915632754343,0.6428571428571429,0.6276852180077988,0.0715207921443162,103,0.9999999999999999,1.0,0.9995483288166215,0.9995483288166216,1.0,0.9998193315266486,0.0002212727861592403
1.7217074394226075,0.2573445210525177,0.008851575851440429,0.00074010069364996,0.01,5,200,"{'learning_rate': 0.01, 'max_depth': 5, 'n_estimators': 200}",0.49539170506912444,0.6823821339950373,0.6923076923076923,0.6972704714640199,0.6214285714285714,0.6377561148528892,0.07621486558076745,90,1.0,1.0,1.0,1.0,1.0,1.0,0.0
2.688828229904175,0.3046592990811711,0.008606815338134765,0.00048616766296935375,0.01,5,300,"{'learning_rate': 0.01, 'max_depth': 5, 'n_estimators': 300}",0.5023041474654377,0.6749379652605458,0.6774193548387096,0.7196029776674938,0.638095238095238,0.642471936665485,0.07468698300958046,72,1.0,1.0,1.0,1.0,1.0,1.0,0.0
3.77185115814209,0.6053037604478373,0.013309431076049805,0.006333766425190619,0.01,5,400,"{'learning_rate': 0.01, 'max_depth': 5, 'n_estimators': 400}",0.4953917050691244,0.6674937965260546,0.6674937965260546,0.7022332506203474,0.6476190476190475,0.6360463192721257,0.07249309769978621,93,1.0,1.0,1.0,1.0,1.0,1.0,0.0
4.430732393264771,0.7317922693078077,0.009199190139770507,0.0009793267624778547,0.01,5,500,"{'learning_rate': 0.01, 'max_depth': 5, 'n_estimators': 500}",0.5138248847926268,0.6774193548387096,0.6575682382133995,0.6823821339950371,0.6309523809523809,0.6324293985584307,0.06200087978332337,98,1.0,1.0,1.0,1.0,1.0,1.0,0.0
1.075979518890381,0.12302468691554581,0.009995412826538087,0.0025316764928742298,0.01,6,100,"{'learning_rate': 0.01, 'max_depth': 6, 'n_estimators': 100}",0.4815668202764977,0.6501240694789083,0.6898263027295286,0.5781637717121588,0.6142857142857143,0.6027933356965616,0.0710626398883775,144,1.0,1.0,1.0,0.9999999999999999,1.0,1.0,4.965068306494546e-17
2.2129302501678465,0.27398197414757924,0.013273859024047851,0.00721856717709402,0.01,6,200,"{'learning_rate': 0.01, 'max_depth': 6, 'n_estimators': 200}",0.4735023041474654,0.6823821339950373,0.6997518610421836,0.6699751861042184,0.6357142857142857,0.6322651542006381,0.08210451002886819,100,1.0,1.0,1.0,1.0,1.0,1.0,0.0
3.1723546981811523,0.3338496393931409,0.014938020706176757,0.012296791556140704,0.01,6,300,"{'learning_rate': 0.01, 'max_depth': 6, 'n_estimators': 300}",0.48387096774193544,0.6799007444168734,0.674937965260546,0.6799007444168734,0.6428571428571428,0.6322935129386742,0.07548812951928588,99,1.0,1.0,1.0,1.0,1.0,1.0,0.0
4.855556774139404,0.48203552816284206,0.009303903579711914,0.000979520540808928,0.01,6,400,"{'learning_rate': 0.01, 'max_depth': 6, 'n_estimators': 400}",0.47235023041474655,0.6898263027295285,0.6749379652605458,0.684863523573201,0.6261904761904762,0.6296336996336996,0.08182408555071968,101,1.0,1.0,1.0,1.0,1.0,1.0,0.0
5.555506753921509,0.7105460297138454,0.011106729507446289,0.001962410825745877,0.01,6,500,"{'learning_rate': 0.01, 'max_depth': 6, 'n_estimators': 500}",0.4700460829493088,0.6898263027295285,0.6774193548387097,0.6699751861042184,0.6166666666666667,0.6247867186576864,0.08130552141341714,109,1.0,1.0,1.0,1.0,1.0,1.0,0.0
1.3005882263183595,0.15338974484789233,0.01372833251953125,0.004648847496917189,0.01,7,100,"{'learning_rate': 0.01, 'max_depth': 7, 'n_estimators': 100}",0.4884792626728111,0.6575682382133995,0.5918114143920595,0.5483870967741936,0.6047619047619048,0.5782015833628738,0.056795673279189725,170,1.0,1.0,1.0,1.0,1.0,1.0,0.0
3.0754135608673097,0.4655674688192885,0.015045738220214844,0.007454707994651271,0.01,7,200,"{'learning_rate': 0.01, 'max_depth': 7, 'n_estimators': 200}",0.44700460829493094,0.6898263027295285,0.6277915632754343,0.6302729528535981,0.6071428571428571,0.6004076568592698,0.08150505100470984,146,1.0,1.0,0.9999999999999999,1.0,1.0,1.0,4.965068306494546e-17
3.941668224334717,0.45866753387647297,0.012433528900146484,0.005312818425857745,0.01,7,300,"{'learning_rate': 0.01, 'max_depth': 7, 'n_estimators': 300}",0.44009216589861755,0.6352357320099256,0.6426799007444169,0.6228287841191067,0.5976190476190476,0.5876911260782229,0.07536965779053258,157,1.0,1.0,1.0,1.0,1.0,1.0,0.0
5.578474235534668,0.6681926237117175,0.014493703842163086,0.008822539869882778,0.01,7,400,"{'learning_rate': 0.01, 'max_depth': 7, 'n_estimators': 400}",0.4216589861751152,0.6228287841191067,0.6327543424317618,0.640198511166253,0.6023809523809524,0.5839643152546379,0.08214060001307777,162,1.0,1.0,1.0,1.0,1.0,1.0,0.0
7.100602626800537,0.5976487119542689,0.012126827239990234,0.0014788164602140429,0.01,7,500,"{'learning_rate': 0.01, 'max_depth': 7, 'n_estimators': 500}",0.43317972350230416,0.6054590570719603,0.630272952853598,0.6426799007444169,0.6023809523809524,0.5827945173106464,0.0763182249771104,163,1.0,1.0,1.0,1.0,1.0,1.0,0.0
1.445498275756836,0.1369253803961874,0.009924602508544923,0.002147635829882906,0.01,8,100,"{'learning_rate': 0.01, 'max_depth': 8, 'n_estimators': 100}",0.5702764976958525,0.5372208436724565,0.6054590570719603,0.575682382133995,0.638095238095238,0.5853468037339005,0.03412776952185268,159,1.0,1.0,1.0,0.9999999999999999,1.0,1.0,4.965068306494546e-17
3.2543532848358154,0.5831295434730215,0.013037300109863282,0.00857398468288034,0.01,8,200,"{'learning_rate': 0.01, 'max_depth': 8, 'n_estimators': 200}",0.5172811059907834,0.5397022332506203,0.6029776674937966,0.5682382133995036,0.5595238095238095,0.5575446059317027,0.028712134232141202,188,1.0,1.0,1.0,1.0,1.0,1.0,0.0
4.511238670349121,1.0038870160100692,0.00983128547668457,0.0008762302920590257,0.01,8,300,"{'learning_rate': 0.01, 'max_depth': 8, 'n_estimators': 300}",0.4735023041474654,0.5397022332506203,0.6104218362282878,0.5930521091811414,0.5261904761904762,0.5485737917995982,0.04902845488855688,194,1.0,1.0,1.0,0.9999999999999999,1.0,1.0,4.965068306494546e-17
5.881227207183838,0.8556852611861158,0.017478513717651366,0.010169757635639976,0.01,8,400,"{'learning_rate': 0.01, 'max_depth': 8, 'n_estimators': 400}",0.47119815668202764,0.5372208436724566,0.6129032258064516,0.6004962779156328,0.5190476190476191,0.5481732246248375,0.05257583397761586,196,1.0,1.0,1.0,0.9999999999999999,1.0,1.0,4.965068306494546e-17
7.962399578094482,1.613621970360472,0.010609674453735351,0.0007364107084145021,0.01,8,500,"{'learning_rate': 0.01, 'max_depth': 8, 'n_estimators': 500}",0.4573732718894009,0.5372208436724566,0.607940446650124,0.6004962779156328,0.5166666666666667,0.5439395013588562,0.05581657447475957,197,1.0,1.0,1.0,1.0,1.0,1.0,0.0
1.2827633380889893,0.13746457269235812,0.008732128143310546,0.0006413385929689355,0.01,9,100,"{'learning_rate': 0.01, 'max_depth': 9, 'n_estimators': 100}",0.5633640552995393,0.5198511166253101,0.6712158808933002,0.5918114143920595,0.5285714285714286,0.5749627791563275,0.054539012192053024,173,1.0,0.9999999999999999,1.0,1.0,1.0,1.0,4.965068306494546e-17
3.158399200439453,0.8332829377126797,0.01863894462585449,0.011640162561169658,0.01,9,200,"{'learning_rate': 0.01, 'max_depth': 9, 'n_estimators': 200}",0.5195852534562212,0.5173697270471465,0.6637717121588089,0.6550868486352357,0.5333333333333333,0.577829374926149,0.06690657217016685,171,1.0,0.9999999999999999,1.0,1.0,1.0,1.0,4.965068306494546e-17
5.148783206939697,0.56179558560596,0.010375547409057616,0.0018918623253905522,0.01,9,300,"{'learning_rate': 0.01, 'max_depth': 9, 'n_estimators': 300}",0.4965437788018433,0.5099255583126551,0.6588089330024813,0.5880893300248139,0.55,0.5606735200283588,0.05862437935746092,187,1.0,1.0,1.0,1.0,1.0,1.0,0.0
6.02684006690979,0.8022214789918702,0.010712957382202149,0.0006147695918758267,0.01,9,400,"{'learning_rate': 0.01, 'max_depth': 9, 'n_estimators': 400}",0.44815668202764974,0.5099255583126551,0.6588089330024813,0.5483870967741936,0.55,0.543055654023396,0.06867151948939249,198,1.0,1.0,1.0,1.0,1.0,1.0,0.0
7.02506947517395,0.9899385976622421,0.010856008529663086,0.0006943041735022525,0.01,9,500,"{'learning_rate': 0.01, 'max_depth': 9, 'n_estimators': 500}",0.44585253456221197,0.5074441687344913,0.6612903225806452,0.5459057071960298,0.55,0.5420985466146757,0.07035314866795964,199,1.0,1.0,1.0,1.0,1.0,1.0,0.0
1.2449551105499268,0.14230603652656731,0.009246301651000977,0.000742426105335041,0.01,10,100,"{'learning_rate': 0.01, 'max_depth': 10, 'n_estimators': 100}",0.5714285714285714,0.5521091811414391,0.6885856079404467,0.5086848635235732,0.5404761904761904,0.5722568829020441,0.061628568560554806,174,1.0,1.0,1.0,0.9999999999999999,1.0,1.0,4.965068306494546e-17
2.605436611175537,0.3238525541637355,0.008298587799072266,0.000600093404657209,0.01,10,200,"{'learning_rate': 0.01, 'max_depth': 10, 'n_estimators': 200}",0.5426267281105991,0.564516129032258,0.6960297766749379,0.5037220843672457,0.5357142857142857,0.5685218007798654,0.06666366387094055,176,1.0,1.0,1.0,0.9999999999999999,1.0,1.0,4.965068306494546e-17
3.7296462535858153,0.3140249939024996,0.011340761184692382,0.0036717479914614545,0.01,10,300,"{'learning_rate': 0.01, 'max_depth': 10, 'n_estimators': 300}",0.5633640552995391,0.5508684863523573,0.6774193548387097,0.5037220843672457,0.5428571428571428,0.567646224742999,0.058396513380817236,177,1.0,1.0,1.0,1.0,1.0,1.0,0.0
5.881862449645996,0.9565784078137989,0.014004945755004883,0.0060312255800893735,0.01,10,400,"{'learning_rate': 0.01, 'max_depth': 10, 'n_estimators': 400}",0.5610599078341013,0.5483870967741934,0.7096774193548387,0.5645161290322581,0.5380952380952381,0.5843471582181259,0.06336498439946313,160,1.0,1.0,1.0,1.0,1.0,1.0,0.0
7.187482833862305,1.173258801969092,0.017193412780761717,0.009873914558009629,0.01,10,500,"{'learning_rate': 0.01, 'max_depth': 10, 'n_estimators': 500}",0.5633640552995391,0.5508684863523573,0.707196029776675,0.5719602977667494,0.5357142857142857,0.5858206309819213,0.06190426852986005,158,1.0,1.0,1.0,1.0,1.0,1.0,0.0
0.5392468452453614,0.07260947081854165,0.009100580215454101,0.0010220554456242292,0.05,3,100,"{'learning_rate': 0.05, 'max_depth': 3, 'n_estimators': 100}",0.5161290322580645,0.7890818858560794,0.6799007444168735,0.5856079404466501,0.7428571428571429,0.6627153491669621,0.10011957579320262,10,1.0,1.0,1.0,1.0,1.0,1.0,0.0
1.0553044319152831,0.0996061897099752,0.009856319427490235,0.0009387916348167402,0.05,3,200,"{'learning_rate': 0.05, 'max_depth': 3, 'n_estimators': 200}",0.5253456221198156,0.7543424317617866,0.7245657568238213,0.5781637717121588,0.7166666666666667,0.6598168498168497,0.09067430123116749,16,1.0,1.0,1.0,1.0,1.0,1.0,0.0
1.6295757293701172,0.19083218514889508,0.0128021240234375,0.0046695139974150725,0.05,3,300,"{'learning_rate': 0.05, 'max_depth': 3, 'n_estimators': 300}",0.5368663594470047,0.7444168734491315,0.7419354838709677,0.5707196029776676,0.6928571428571428,0.6573590925203829,0.08719774612173307,29,1.0,1.0,1.0,1.0,1.0,1.0,0.0
2.0889649868011473,0.2760451522213402,0.00941314697265625,0.0007070322897771539,0.05,3,400,"{'learning_rate': 0.05, 'max_depth': 3, 'n_estimators': 400}",0.5483870967741935,0.7121588089330024,0.749379652605459,0.575682382133995,0.7119047619047619,0.6595025404702823,0.08120225548190686,18,1.0,1.0,1.0,1.0,1.0,1.0,0.0
2.624563455581665,0.40853361714084535,0.010608911514282227,0.0008650302873820364,0.05,3,500,"{'learning_rate': 0.05, 'max_depth': 3, 'n_estimators': 500}",0.5552995391705069,0.6947890818858561,0.7518610421836228,0.5930521091811415,0.7023809523809523,0.6594765449604159,0.07333172979188254,19,1.0,1.0,1.0,1.0,1.0,1.0,0.0
0.7562336921691895,0.11099071674135541,0.013394975662231445,0.007005233851933646,0.05,4,100,"{'learning_rate': 0.05, 'max_depth': 4, 'n_estimators': 100}",0.532258064516129,0.7146401985111662,0.6401985111662531,0.6302729528535981,0.6619047619047619,0.6358548977903816,0.05944417209606299,94,1.0,1.0,1.0,1.0,1.0,1.0,0.0
1.4793315410614014,0.22990617903350283,0.009010124206542968,0.0003177144336640999,0.05,4,200,"{'learning_rate': 0.05, 'max_depth': 4, 'n_estimators': 200}",0.532258064516129,0.7245657568238214,0.6749379652605458,0.56575682382134,0.6857142857142857,0.6366465792272245,0.07419699627156062,91,1.0,1.0,1.0,1.0,1.0,1.0,0.0
2.1788692474365234,0.40096084525753434,0.009407281875610352,0.00048666568960598056,0.05,4,300,"{'learning_rate': 0.05, 'max_depth': 4, 'n_estimators': 300}",0.5460829493087558,0.7320099255583126,0.7022332506203474,0.5707196029776676,0.680952380952381,0.6463996218834929,0.07406930728789822,66,1.0,1.0,1.0,1.0,1.0,1.0,0.0
3.0337727069854736,0.4653866486195544,0.00928359031677246,0.000810638896004198,0.05,4,400,"{'learning_rate': 0.05, 'max_depth': 4, 'n_estimators': 400}",0.5576036866359447,0.7245657568238214,0.7344913151364765,0.5682382133995036,0.6904761904761905,0.6550750324943874,0.07672085129473456,35,1.0,1.0,1.0,1.0,1.0,1.0,0.0
3.445081615447998,0.6620727428305602,0.010106039047241212,0.000489523344370715,0.05,4,500,"{'learning_rate': 0.05, 'max_depth': 4, 'n_estimators': 500}",0.5576036866359446,0.71712158808933,0.7468982630272953,0.56575682382134,0.680952380952381,0.6536665485052582,0.07799923642984248,38,1.0,1.0,1.0,1.0,1.0,1.0,0.0
1.1082450866699218,0.24182331800727608,0.009306812286376953,0.0009788940371864504,0.05,5,100,"{'learning_rate': 0.05, 'max_depth': 5, 'n_estimators': 100}",0.5253456221198157,0.7121588089330025,0.6823821339950372,0.674937965260546,0.6166666666666667,0.6422982393950136,0.06616262040624228,73,1.0,1.0,1.0,1.0,1.0,1.0,0.0
1.978619432449341,0.3482540562183425,0.00980219841003418,0.000746320480469654,0.05,5,200,"{'learning_rate': 0.05, 'max_depth': 5, 'n_estimators': 200}",0.5046082949308757,0.684863523573201,0.7121588089330024,0.684863523573201,0.6595238095238096,0.649203592106818,0.07419019827839689,56,1.0,1.0,1.0,1.0,1.0,1.0,0.0
2.6949901580810547,0.293200295622376,0.01040353775024414,0.00048735306387610584,0.05,5,300,"{'learning_rate': 0.05, 'max_depth': 5, 'n_estimators': 300}",0.5207373271889401,0.6823821339950372,0.739454094292804,0.662531017369727,0.6476190476190476,0.6505447240931111,0.0720009553810923,54,1.0,1.0,1.0,1.0,1.0,1.0,0.0
3.9236249923706055,0.5075892613818865,0.011207199096679688,0.0017636914733174583,0.05,5,400,"{'learning_rate': 0.05, 'max_depth': 5, 'n_estimators': 400}",0.5299539170506913,0.662531017369727,0.7568238213399504,0.6426799007444168,0.6452380952380952,0.6474453503485761,0.07214297699613982,64,1.0,1.0,1.0,1.0,1.0,1.0,0.0
4.5208817481994625,0.5105653699122428,0.013400411605834961,0.0063436904221566455,0.05,5,500,"{'learning_rate': 0.05, 'max_depth': 5, 'n_estimators': 500}",0.5368663594470046,0.6699751861042184,0.7369727047146403,0.6426799007444168,0.6595238095238096,0.649203592106818,0.06465848053171111,56,1.0,1.0,1.0,1.0,1.0,1.0,0.0
1.1957593441009522,0.1365096888991598,0.014862728118896485,0.009103525449989092,0.05,6,100,"{'learning_rate': 0.05, 'max_depth': 6, 'n_estimators': 100}",0.48387096774193544,0.6501240694789082,0.7344913151364765,0.6699751861042184,0.6309523809523809,0.6338827838827839,0.0827050780305105,97,1.0,1.0,1.0,1.0,1.0,1.0,0.0
2.175109338760376,0.24364507312693745,0.01320648193359375,0.006436702384253805,0.05,6,200,"{'learning_rate': 0.05, 'max_depth': 6, 'n_estimators': 200}",0.5092165898617512,0.6451612903225806,0.7369727047146402,0.6600496277915633,0.6595238095238095,0.642184804442869,0.07388361740668965,74,1.0,1.0,1.0,1.0,1.0,1.0,0.0
3.517809009552002,0.566997826822998,0.009345769882202148,0.0004749757436194093,0.05,6,300,"{'learning_rate': 0.05, 'max_depth': 6, 'n_estimators': 300}",0.5115207373271888,0.6401985111662531,0.7766749379652605,0.6476426799007444,0.6690476190476191,0.6490168970814132,0.08447798716228626,59,1.0,1.0,1.0,1.0,1.0,1.0,0.0
5.011861133575439,0.9376560141056111,0.011894416809082032,0.002314854909761126,0.05,6,400,"{'learning_rate': 0.05, 'max_depth': 6, 'n_estimators': 400}",0.5230414746543779,0.6426799007444169,0.7791563275434242,0.6476426799007444,0.661904761904762,0.650885028949545,0.0812364104184849,49,1.0,1.0,1.0,1.0,1.0,1.0,0.0
5.664942455291748,0.9299044186010026,0.014798545837402343,0.006240818268019171,0.05,6,500,"{'learning_rate': 0.05, 'max_depth': 6, 'n_estimators': 500}",0.5138248847926268,0.6476426799007445,0.7791563275434243,0.6401985111662531,0.661904761904762,0.6485454330615621,0.08421138832577359,60,1.0,1.0,1.0,1.0,1.0,1.0,0.0
1.4865269184112548,0.2166971963794156,0.014066362380981445,0.009052244576726222,0.05,7,100,"{'learning_rate': 0.05, 'max_depth': 7, 'n_estimators': 100}",0.44009216589861755,0.6923076923076923,0.6004962779156328,0.6178660049627792,0.5595238095238096,0.5820571901217064,0.08299309098363347,164,1.0,1.0,1.0,1.0,1.0,1.0,0.0
2.9220770835876464,0.2855842740396972,0.010423564910888672,0.002407767331811054,0.05,7,200,"{'learning_rate': 0.05, 'max_depth': 7, 'n_estimators': 200}",0.45161290322580644,0.684863523573201,0.6823821339950371,0.6104218362282878,0.5571428571428572,0.5972846508330379,0.08708139627114804,153,1.0,1.0,1.0,1.0,1.0,1.0,0.0
4.414102077484131,0.6455425922514222,0.009282636642456054,0.00039250289275417997,0.05,7,300,"{'learning_rate': 0.05, 'max_depth': 7, 'n_estimators': 300}",0.44930875576036866,0.6799007444168734,0.7220843672456576,0.6029776674937966,0.5571428571428572,0.6022828784119106,0.09572472648484785,145,1.0,1.0,1.0,1.0,1.0,1.0,0.0
5.833367347717285,0.5631276471085445,0.010513067245483398,0.00176967246073975,0.05,7,400,"{'learning_rate': 0.05, 'max_depth': 7, 'n_estimators': 400}",0.4470046082949309,0.6749379652605458,0.7419354838709677,0.6253101736972704,0.5761904761904761,0.6130757414628383,0.09952044347235538,130,1.0,1.0,1.0,1.0,1.0,1.0,0.0
5.109675502777099,0.7761509850760226,0.013454580307006836,0.006230423194992586,0.05,7,500,"{'learning_rate': 0.05, 'max_depth': 7, 'n_estimators': 500}",0.4470046082949309,0.6749379652605458,0.7419354838709677,0.6253101736972704,0.5761904761904761,0.6130757414628383,0.09952044347235538,130,1.0,1.0,1.0,1.0,1.0,1.0,0.0
1.6544793128967286,0.34846054132555,0.012550783157348634,0.004088147493951046,0.05,8,100,"{'learning_rate': 0.05, 'max_depth': 8, 'n_estimators': 100}",0.46543778801843316,0.5372208436724566,0.6079404466501241,0.6129032258064516,0.7357142857142858,0.5918433179723502,0.08984816673725055,154,1.0,0.9999999999999999,1.0,1.0,1.0,1.0,4.965068306494546e-17
3.0491400718688966,0.5271632022827429,0.011094045639038087,0.0034851908027911482,0.05,8,200,"{'learning_rate': 0.05, 'max_depth': 8, 'n_estimators': 200}",0.44930875576036866,0.5347394540942928,0.6104218362282879,0.6203473945409429,0.7404761904761905,0.5910587262200165,0.0967711209855844,156,1.0,1.0,1.0,1.0,1.0,1.0,0.0
4.674437713623047,0.6920907727127923,0.015937137603759765,0.012542586433336661,0.05,8,300,"{'learning_rate': 0.05, 'max_depth': 8, 'n_estimators': 300}",0.4516129032258065,0.5347394540942928,0.6104218362282879,0.6203473945409429,0.7404761904761905,0.5915195557131041,0.0960981486711852,155,1.0,1.0,1.0,1.0,1.0,1.0,0.0
5.045827150344849,0.6994021875817148,0.009918594360351562,0.0011110799864396293,0.05,8,400,"{'learning_rate': 0.05, 'max_depth': 8, 'n_estimators': 400}",0.44700460829493094,0.5707196029776674,0.6054590570719602,0.6352357320099257,0.7380952380952381,0.5993028476899445,0.09445015015872298,147,1.0,1.0,1.0,1.0,1.0,1.0,0.0
5.558859395980835,1.2585421959350842,0.010505342483520507,0.0012927564426615653,0.05,8,500,"{'learning_rate': 0.05, 'max_depth': 8, 'n_estimators': 500}",0.44700460829493094,0.5707196029776674,0.6054590570719602,0.6352357320099257,0.7380952380952381,0.5993028476899445,0.09445015015872298,147,1.0,1.0,1.0,1.0,1.0,1.0,0.0
1.5049201488494872,0.23942243919756556,0.0091522216796875,0.0006652292354922137,0.05,9,100,"{'learning_rate': 0.05, 'max_depth': 9, 'n_estimators': 100}",0.5149769585253456,0.5124069478908189,0.6612903225806451,0.5310173697270472,0.6595238095238096,0.5758430816495332,0.06934243673262161,172,1.0,0.9999999999999999,0.9999999999999999,1.0,1.0,1.0,7.021666937153402e-17
3.029159688949585,0.5362854509261178,0.009224271774291993,0.00044509678925314604,0.05,9,200,"{'learning_rate': 0.05, 'max_depth': 9, 'n_estimators': 200}",0.5080645161290323,0.5124069478908189,0.6538461538461537,0.5260545905707197,0.5476190476190477,0.5495982512111544,0.05391491556062083,189,1.0,1.0,1.0,1.0,1.0,1.0,0.0
4.696691274642944,0.6319537303636835,0.009401226043701172,0.0004893864709249985,0.05,9,300,"{'learning_rate': 0.05, 'max_depth': 9, 'n_estimators': 300}",0.5080645161290323,0.5124069478908189,0.6563275434243176,0.5310173697270472,0.5333333333333333,0.5482299421009098,0.054954201604704815,195,1.0,1.0,1.0,1.0,1.0,1.0,0.0
5.26867642402649,1.02250703773002,0.010958051681518555,0.0016910125064727986,0.05,9,400,"{'learning_rate': 0.05, 'max_depth': 9, 'n_estimators': 400}",0.4861751152073733,0.6079404466501241,0.6550868486352358,0.5508684863523573,0.5261904761904762,0.5652522746071134,0.059797065683893647,184,1.0,1.0,1.0,1.0,1.0,1.0,0.0
5.241898012161255,1.339361632348227,0.013002824783325196,0.007511811967906066,0.05,9,500,"{'learning_rate': 0.05, 'max_depth': 9, 'n_estimators': 500}",0.4861751152073733,0.6079404466501241,0.6550868486352358,0.5508684863523573,0.5261904761904762,0.5652522746071134,0.059797065683893647,184,1.0,1.0,1.0,1.0,1.0,1.0,0.0
1.3539913177490235,0.13610146000280524,0.00940084457397461,0.0018553438358312072,0.05,10,100,"{'learning_rate': 0.05, 'max_depth': 10, 'n_estimators': 100}",0.5714285714285714,0.5359801488833748,0.7096774193548387,0.5558312655086849,0.5333333333333333,0.5812501477017606,0.06569861631560293,169,1.0,1.0,1.0,1.0,1.0,1.0,0.0
2.8021520137786866,0.6409570628557459,0.00946216583251953,0.0007790182855842899,0.05,10,200,"{'learning_rate': 0.05, 'max_depth': 10, 'n_estimators': 200}",0.5380184331797235,0.5322580645161291,0.6885856079404467,0.554590570719603,0.5059523809523809,0.5638810114616567,0.06428399277224216,186,1.0,1.0,1.0,0.9999999999999999,1.0,1.0,4.965068306494546e-17
3.8208590507507325,0.7091257774742371,0.02015509605407715,0.01885932667122775,0.05,10,300,"{'learning_rate': 0.05, 'max_depth': 10, 'n_estimators': 300}",0.5587557603686636,0.5272952853598014,0.6786600496277916,0.5583126550868487,0.5107142857142857,0.5667476072314781,0.0589162653575131,178,1.0,1.0,1.0,0.9999999999999999,1.0,1.0,4.965068306494546e-17
5.255909109115601,0.939669906423835,0.010686445236206054,0.0013885641195534,0.05,10,400,"{'learning_rate': 0.05, 'max_depth': 10, 'n_estimators': 400}",0.554147465437788,0.6228287841191067,0.662531017369727,0.5893300248138957,0.6595238095238095,0.6176722202528654,0.04154306649923336,124,1.0,1.0,1.0,1.0,1.0,1.0,0.0
4.466919231414795,0.46531130555348216,0.012406015396118164,0.005824025659573786,0.05,10,500,"{'learning_rate': 0.05, 'max_depth': 10, 'n_estimators': 500}",0.554147465437788,0.6228287841191067,0.662531017369727,0.5893300248138957,0.6595238095238095,0.6176722202528654,0.04154306649923336,124,1.0,1.0,1.0,1.0,1.0,1.0,0.0
0.5989781856536865,0.07093195037543257,0.008797883987426758,0.0011641770971710242,0.1,3,100,"{'learning_rate': 0.1, 'max_depth': 3, 'n_estimators': 100}",0.5299539170506913,0.7493796526054591,0.7717121588089331,0.6153846153846154,0.7238095238095238,0.6780479735318445,0.09144818592648997,2,1.0,1.0,1.0,1.0,1.0,1.0,0.0
1.103656005859375,0.11767073922273982,0.008906126022338867,0.0008034019271063833,0.1,3,200,"{'learning_rate': 0.1, 'max_depth': 3, 'n_estimators': 200}",0.5414746543778801,0.6997518610421837,0.7791563275434243,0.5558312655086849,0.7119047619047619,0.657623774075387,0.09310606393837514,28,1.0,1.0,1.0,1.0,1.0,1.0,0.0
1.6170547962188722,0.16939551589028842,0.009597015380859376,0.001618481363729399,0.1,3,300,"{'learning_rate': 0.1, 'max_depth': 3, 'n_estimators': 300}",0.564516129032258,0.684863523573201,0.7965260545905708,0.5632754342431762,0.7047619047619047,0.6627886092402221,0.08910119643732485,8,1.0,1.0,1.0,1.0,1.0,1.0,0.0
1.972939682006836,0.21230105313890776,0.010438823699951172,0.0031848238819364447,0.1,3,400,"{'learning_rate': 0.1, 'max_depth': 3, 'n_estimators': 400}",0.5345622119815668,0.6799007444168734,0.8014888337468982,0.5732009925558312,0.7119047619047619,0.6602115089211863,0.09630962224816861,12,1.0,1.0,1.0,1.0,1.0,1.0,0.0
2.6737973213195803,0.2449207927967298,0.014578580856323242,0.007071893806816054,0.1,3,500,"{'learning_rate': 0.1, 'max_depth': 3, 'n_estimators': 500}",0.543778801843318,0.6501240694789082,0.813895781637717,0.575682382133995,0.7,0.6566962070187877,0.09585791355209039,32,1.0,1.0,1.0,1.0,1.0,1.0,0.0
0.6048661708831787,0.015480091157668359,0.009342050552368164,0.001407657410626814,0.1,4,100,"{'learning_rate': 0.1, 'max_depth': 4, 'n_estimators': 100}",0.5599078341013826,0.7369727047146403,0.684863523573201,0.5880893300248139,0.6595238095238096,0.6458714403875694,0.064396776285585,68,1.0,1.0,1.0,1.0,1.0,1.0,0.0
1.3191796779632567,0.15466105667385344,0.008613300323486329,0.001026421998412512,0.1,4,200,"{'learning_rate': 0.1, 'max_depth': 4, 'n_estimators': 200}",0.543778801843318,0.6823821339950372,0.7419354838709677,0.6104218362282878,0.6523809523809524,0.6461798416637126,0.06675748747176145,67,1.0,1.0,1.0,1.0,1.0,1.0,0.0
2.183793878555298,0.3975737016286525,0.012972688674926758,0.005324138699890867,0.1,4,300,"{'learning_rate': 0.1, 'max_depth': 4, 'n_estimators': 300}",0.5414746543778801,0.6526054590570719,0.7468982630272953,0.6203473945409429,0.6619047619047619,0.6446461065815904,0.06641007744288015,69,1.0,1.0,1.0,1.0,1.0,1.0,0.0
2.959046983718872,0.4486447975805571,0.01001725196838379,0.0013253832840484313,0.1,4,400,"{'learning_rate': 0.1, 'max_depth': 4, 'n_estimators': 400}",0.5529953917050692,0.640198511166253,0.7717121588089331,0.6129032258064516,0.6833333333333332,0.652228524164008,0.07318778994159116,44,1.0,1.0,1.0,1.0,1.0,1.0,0.0
3.934533786773682,0.651610294547157,0.009399223327636718,0.0004907222776046759,0.1,4,500,"{'learning_rate': 0.1, 'max_depth': 4, 'n_estimators': 500}",0.5552995391705069,0.6327543424317618,0.7890818858560794,0.6054590570719602,0.6857142857142856,0.6536618220489188,0.07975176744997389,39,1.0,1.0,1.0,1.0,1.0,1.0,0.0
0.9088470935821533,0.20808238407833815,0.008199357986450195,0.0004001178810601773,0.1,5,100,"{'learning_rate': 0.1, 'max_depth': 5, 'n_estimators': 100}",0.49539170506912444,0.6550868486352357,0.7344913151364765,0.6674937965260546,0.6285714285714286,0.636207018787664,0.07859054416493995,92,1.0,1.0,1.0,1.0,1.0,1.0,0.0
1.843956470489502,0.21198992390110094,0.011406135559082032,0.004798676595714405,0.1,5,200,"{'learning_rate': 0.1, 'max_depth': 5, 'n_estimators': 200}",0.5,0.6476426799007444,0.7593052109181142,0.6625310173697271,0.6309523809523809,0.6400862578281934,0.08304410016414426,79,1.0,1.0,1.0,1.0,1.0,1.0,0.0
2.7161027908325197,0.3020142802824135,0.009845733642578125,0.0011780880823192958,0.1,5,300,"{'learning_rate': 0.1, 'max_depth': 5, 'n_estimators': 300}",0.48387096774193544,0.6625310173697271,0.7642679900744417,0.6674937965260546,0.6642857142857143,0.6484898971995746,0.0908974893032618,61,1.0,1.0,1.0,1.0,1.0,1.0,0.0
3.5436353206634523,0.3822794439188427,0.010208845138549805,0.0011554067897390655,0.1,5,400,"{'learning_rate': 0.1, 'max_depth': 5, 'n_estimators': 400}",0.4953917050691245,0.6352357320099256,0.7741935483870968,0.652605459057072,0.6880952380952381,0.6491043365236914,0.09055359788413761,58,1.0,1.0,1.0,1.0,1.0,1.0,0.0
4.285332584381104,0.44066432729669597,0.009705495834350587,0.0008717109165561614,0.1,5,500,"{'learning_rate': 0.1, 'max_depth': 5, 'n_estimators': 500}",0.5023041474654378,0.662531017369727,0.7741935483870968,0.6451612903225807,0.657142857142857,0.6482665721375398,0.08655002989247725,62,1.0,1.0,1.0,1.0,1.0,1.0,0.0
1.2046281814575195,0.15506476296294264,0.010122442245483398,0.0022316860809184365,0.1,6,100,"{'learning_rate': 0.1, 'max_depth': 6, 'n_estimators': 100}",0.4884792626728111,0.707196029776675,0.7617866004962779,0.6501240694789083,0.7214285714285714,0.6658029067706488,0.0956137807609348,4,1.0,1.0,1.0,1.0,1.0,1.0,0.0
2.166563081741333,0.24373500733963163,0.009440755844116211,0.0009283406762005594,0.1,6,200,"{'learning_rate': 0.1, 'max_depth': 6, 'n_estimators': 200}",0.4815668202764977,0.6799007444168735,0.7940446650124069,0.6575682382133995,0.7047619047619047,0.6635684745362165,0.10212569020926736,7,1.0,1.0,1.0,1.0,1.0,1.0,0.0
3.832904577255249,0.6729093276567862,0.012953424453735351,0.002550934317766834,0.1,6,300,"{'learning_rate': 0.1, 'max_depth': 6, 'n_estimators': 300}",0.47695852534562205,0.674937965260546,0.7791563275434243,0.6550868486352357,0.6904761904761905,0.6553231714522036,0.09876145833204075,34,1.0,1.0,1.0,1.0,1.0,1.0,0.0
4.456352758407593,0.8559377061307842,0.011767101287841798,0.0033680435299236876,0.1,6,400,"{'learning_rate': 0.1, 'max_depth': 6, 'n_estimators': 400}",0.4815668202764977,0.6774193548387097,0.7841191066997518,0.6501240694789082,0.6952380952380952,0.6576934893063926,0.09885347095469009,27,1.0,1.0,1.0,1.0,1.0,1.0,0.0
4.378859281539917,0.7534193750351069,0.013000392913818359,0.005019124617948346,0.1,6,500,"{'learning_rate': 0.1, 'max_depth': 6, 'n_estimators': 500}",0.4815668202764977,0.6774193548387097,0.7841191066997518,0.6550868486352357,0.6952380952380952,0.658686045137658,0.0987973848060987,20,1.0,1.0,1.0,1.0,1.0,1.0,0.0
1.7895657539367675,0.27977446334038925,0.01850733757019043,0.006647086481411288,0.1,7,100,"{'learning_rate': 0.1, 'max_depth': 7, 'n_estimators': 100}",0.4470046082949308,0.7196029776674937,0.6947890818858561,0.6352357320099256,0.5476190476190476,0.6088502894954507,0.1002906925457458,133,1.0,1.0,1.0,1.0,1.0,1.0,0.0
2.884094762802124,0.321664046833271,0.009669351577758788,0.0007842479349428248,0.1,7,200,"{'learning_rate': 0.1, 'max_depth': 7, 'n_estimators': 200}",0.44239631336405527,0.7220843672456576,0.6253101736972705,0.6302729528535981,0.5666666666666667,0.5973460947654496,0.0920613560406505,152,1.0,1.0,1.0,1.0,1.0,1.0,0.0
3.0441328048706056,0.45326846718323105,0.00955338478088379,0.0007210850856546532,0.1,7,300,"{'learning_rate': 0.1, 'max_depth': 7, 'n_estimators': 300}",0.44239631336405527,0.7220843672456576,0.630272952853598,0.6327543424317619,0.5666666666666667,0.5988349285123478,0.0925603992459857,149,1.0,1.0,1.0,1.0,1.0,1.0,0.0
2.9552179336547852,0.22732177511095913,0.015015554428100587,0.0088121770666095,0.1,7,400,"{'learning_rate': 0.1, 'max_depth': 7, 'n_estimators': 400}",0.44239631336405527,0.7220843672456576,0.630272952853598,0.6327543424317619,0.5666666666666667,0.5988349285123478,0.0925603992459857,149,1.0,1.0,1.0,1.0,1.0,1.0,0.0
3.050718832015991,0.36000114483204465,0.01237030029296875,0.00676177393938185,0.1,7,500,"{'learning_rate': 0.1, 'max_depth': 7, 'n_estimators': 500}",0.44239631336405527,0.7220843672456576,0.630272952853598,0.6327543424317619,0.5666666666666667,0.5988349285123478,0.0925603992459857,149,1.0,1.0,1.0,1.0,1.0,1.0,0.0
1.6423490047454834,0.19526691485105188,0.012183332443237304,0.007378908466492176,0.1,8,100,"{'learning_rate': 0.1, 'max_depth': 8, 'n_estimators': 100}",0.46313364055299544,0.5384615384615385,0.6104218362282879,0.5856079404466501,0.6571428571428571,0.5709535625664658,0.06615430013219349,175,1.0,1.0,1.0,1.0,1.0,1.0,0.0
2.5733773708343506,0.13420264170281546,0.014810752868652344,0.011861627211033848,0.1,8,200,"{'learning_rate': 0.1, 'max_depth': 8, 'n_estimators': 200}",0.45276497695852536,0.6178660049627791,0.5756823821339951,0.5880893300248139,0.6738095238095237,0.5816424435779275,0.07279203686850537,165,1.0,1.0,1.0,1.0,1.0,1.0,0.0
2.84055871963501,0.2731258352033211,0.01010751724243164,0.0009154141624347592,0.1,8,300,"{'learning_rate': 0.1, 'max_depth': 8, 'n_estimators': 300}",0.45276497695852536,0.6178660049627791,0.5756823821339951,0.5880893300248139,0.6738095238095237,0.5816424435779275,0.07279203686850537,165,1.0,1.0,1.0,1.0,1.0,1.0,0.0
2.793806457519531,0.44757396615853523,0.010000514984130859,0.0006339955630745858,0.1,8,400,"{'learning_rate': 0.1, 'max_depth': 8, 'n_estimators': 400}",0.45276497695852536,0.6178660049627791,0.5756823821339951,0.5880893300248139,0.6738095238095237,0.5816424435779275,0.07279203686850537,165,1.0,1.0,1.0,1.0,1.0,1.0,0.0
2.7083839893341066,0.3522389995427606,0.0102142333984375,0.0019081079318745116,0.1,8,500,"{'learning_rate': 0.1, 'max_depth': 8, 'n_estimators': 500}",0.45276497695852536,0.6178660049627791,0.5756823821339951,0.5880893300248139,0.6738095238095237,0.5816424435779275,0.07279203686850537,165,1.0,1.0,1.0,1.0,1.0,1.0,0.0
1.631896162033081,0.288722189472005,0.008903074264526366,0.0006611700199881736,0.1,9,100,"{'learning_rate': 0.1, 'max_depth': 9, 'n_estimators': 100}",0.46313364055299544,0.5161290322580646,0.6637717121588089,0.5558312655086849,0.48571428571428577,0.5369159872385679,0.0706366889312473,200,1.0,1.0,1.0,1.0,1.0,1.0,0.0
2.7785949230194094,0.6068342909888651,0.008850955963134765,0.0012621194891522661,0.1,9,200,"{'learning_rate': 0.1, 'max_depth': 9, 'n_estimators': 200}",0.4216589861751152,0.6178660049627792,0.6401985111662531,0.56575682382134,0.5023809523809524,0.549572255701288,0.07965917177949117,190,1.0,1.0,1.0,1.0,1.0,1.0,0.0
2.5375662803649903,0.22063174986948658,0.00900111198425293,0.0006358038847154841,0.1,9,300,"{'learning_rate': 0.1, 'max_depth': 9, 'n_estimators': 300}",0.4216589861751152,0.6178660049627792,0.6401985111662531,0.56575682382134,0.5023809523809524,0.549572255701288,0.07965917177949117,190,1.0,1.0,1.0,1.0,1.0,1.0,0.0
2.7156044006347657,0.40377089093525065,0.017200708389282227,0.011354215616759079,0.1,9,400,"{'learning_rate': 0.1, 'max_depth': 9, 'n_estimators': 400}",0.4216589861751152,0.6178660049627792,0.6401985111662531,0.56575682382134,0.5023809523809524,0.549572255701288,0.07965917177949117,190,1.0,1.0,1.0,1.0,1.0,1.0,0.0
3.019093465805054,0.8234190254919431,0.014108419418334961,0.009953568425099311,0.1,9,500,"{'learning_rate': 0.1, 'max_depth': 9, 'n_estimators': 500}",0.4216589861751152,0.6178660049627792,0.6401985111662531,0.56575682382134,0.5023809523809524,0.549572255701288,0.07965917177949117,190,1.0,1.0,1.0,1.0,1.0,1.0,0.0
1.171739387512207,0.09729809931923306,0.008479022979736328,0.000947293351411448,0.1,10,100,"{'learning_rate': 0.1, 'max_depth': 10, 'n_estimators': 100}",0.5633640552995391,0.5508684863523573,0.7158808933002482,0.5719602977667494,0.5178571428571428,0.5839861751152073,0.06846304178633085,161,1.0,1.0,1.0,0.9999999999999999,1.0,1.0,4.965068306494546e-17
2.2584192752838135,0.3523055592214432,0.017340993881225585,0.01759268549011914,0.1,10,200,"{'learning_rate': 0.1, 'max_depth': 10, 'n_estimators': 200}",0.5587557603686635,0.6079404466501241,0.684863523573201,0.5930521091811415,0.6571428571428571,0.6203509393831974,0.04518568638278431,111,1.0,1.0,1.0,1.0,1.0,1.0,0.0
2.6489056587219237,0.47328219721162196,0.010133838653564453,0.0020512900449084874,0.1,10,300,"{'learning_rate': 0.1, 'max_depth': 10, 'n_estimators': 300}",0.5587557603686635,0.6079404466501241,0.684863523573201,0.5930521091811415,0.6571428571428571,0.6203509393831974,0.04518568638278431,111,1.0,1.0,1.0,1.0,1.0,1.0,0.0
2.4846760749816896,0.4774194178263762,0.012092828750610352,0.005868330252354233,0.1,10,400,"{'learning_rate': 0.1, 'max_depth': 10, 'n_estimators': 400}",0.5587557603686635,0.6079404466501241,0.684863523573201,0.5930521091811415,0.6571428571428571,0.6203509393831974,0.04518568638278431,111,1.0,1.0,1.0,1.0,1.0,1.0,0.0
2.4741384029388427,0.3434628307988686,0.008928871154785157,0.0006550970441529373,0.1,10,500,"{'learning_rate': 0.1, 'max_depth': 10, 'n_estimators': 500}",0.5587557603686635,0.6079404466501241,0.684863523573201,0.5930521091811415,0.6571428571428571,0.6203509393831974,0.04518568638278431,111,1.0,1.0,1.0,1.0,1.0,1.0,0.0
0.5437928199768066,0.07666535507708228,0.015037250518798829,0.01349473155165499,0.2,3,100,"{'learning_rate': 0.2, 'max_depth': 3, 'n_estimators': 100}",0.5898617511520737,0.7121588089330024,0.684863523573201,0.5930521091811415,0.6238095238095238,0.6407491433297885,0.04939008674732268,77,1.0,1.0,1.0,1.0,1.0,1.0,0.0
1.0129841804504394,0.08694360336462639,0.008902025222778321,0.0001910188706235996,0.2,3,200,"{'learning_rate': 0.2, 'max_depth': 3, 'n_estimators': 200}",0.6059907834101382,0.674937965260546,0.7444168734491315,0.5806451612903226,0.6523809523809524,0.6516743471582181,0.05705261544005401,46,1.0,1.0,1.0,1.0,1.0,1.0,0.0
1.474830436706543,0.11561962611249847,0.008705234527587891,0.0003943792290795287,0.2,3,300,"{'learning_rate': 0.2, 'max_depth': 3, 'n_estimators': 300}",0.6013824884792627,0.6600496277915633,0.7841191066997519,0.6004962779156328,0.680952380952381,0.6653999763677183,0.06734309801806508,5,1.0,1.0,1.0,1.0,1.0,1.0,0.0
2.0614245891571046,0.22128381033433914,0.013708686828613282,0.009429184404105914,0.2,3,400,"{'learning_rate': 0.2, 'max_depth': 3, 'n_estimators': 400}",0.5898617511520737,0.6377171215880894,0.7965260545905708,0.6029776674937966,0.6785714285714286,0.6611308046791919,0.07435766937090003,11,1.0,1.0,1.0,1.0,1.0,1.0,0.0
2.450579357147217,0.2593521353205675,0.009802532196044923,0.001720031200246719,0.2,3,500,"{'learning_rate': 0.2, 'max_depth': 3, 'n_estimators': 500}",0.5806451612903225,0.6451612903225807,0.8064516129032258,0.598014888337469,0.6833333333333333,0.6627212572373862,0.0803928167947693,9,1.0,1.0,1.0,1.0,1.0,1.0,0.0
0.7091809272766113,0.06109130542782335,0.012709617614746094,0.008918710677417781,0.2,4,100,"{'learning_rate': 0.2, 'max_depth': 4, 'n_estimators': 100}",0.5138248847926268,0.652605459057072,0.7692307692307692,0.6153846153846154,0.6642857142857143,0.6430662885501595,0.08237518007552541,71,1.0,1.0,1.0,1.0,1.0,1.0,0.0
1.3384908199310304,0.11750027992174994,0.009405040740966797,0.00048640733959218543,0.2,4,200,"{'learning_rate': 0.2, 'max_depth': 4, 'n_estimators': 200}",0.5299539170506913,0.6625310173697271,0.7890818858560794,0.630272952853598,0.661904761904762,0.6547489070069716,0.08286130406576683,36,1.0,1.0,1.0,1.0,1.0,1.0,0.0
1.8926268577575684,0.1467233532635642,0.009785890579223633,0.0009439634875472812,0.2,4,300,"{'learning_rate': 0.2, 'max_depth': 4, 'n_estimators': 300}",0.5414746543778802,0.6476426799007444,0.7915632754342432,0.6203473945409429,0.6833333333333333,0.6568722675174289,0.08194841837349687,31,1.0,1.0,1.0,1.0,1.0,1.0,0.0
2.8806481838226317,0.3987589664211159,0.013693952560424804,0.009188067609406585,0.2,4,400,"{'learning_rate': 0.2, 'max_depth': 4, 'n_estimators': 400}",0.5368663594470047,0.6277915632754343,0.8014888337468983,0.6153846153846154,0.6666666666666666,0.6496396077041238,0.08685235201574328,55,1.0,1.0,1.0,1.0,1.0,1.0,0.0
3.0476951122283937,0.7212761028621667,0.01280069351196289,0.006616549360814828,0.2,4,500,"{'learning_rate': 0.2, 'max_depth': 4, 'n_estimators': 500}",0.5368663594470047,0.6253101736972705,0.8014888337468983,0.6153846153846154,0.6833333333333333,0.6524766631218244,0.08790488218491141,41,1.0,1.0,1.0,1.0,1.0,1.0,0.0
0.9222630977630615,0.12852112990754616,0.011785602569580078,0.006000625359846447,0.2,5,100,"{'learning_rate': 0.2, 'max_depth': 5, 'n_estimators': 100}",0.46543778801843316,0.71712158808933,0.7196029776674939,0.6327543424317618,0.6095238095238095,0.6288881011461657,0.0928657800416249,102,1.0,1.0,1.0,1.0,1.0,1.0,0.0
2.044402074813843,0.3739900340255413,0.013244819641113282,0.00409009177948289,0.2,5,200,"{'learning_rate': 0.2, 'max_depth': 5, 'n_estimators': 200}",0.4976958525345623,0.7022332506203474,0.7419354838709677,0.6575682382133996,0.6571428571428571,0.6513151364764268,0.08303812343519171,48,1.0,1.0,1.0,1.0,1.0,1.0,0.0
2.3611855030059816,0.35241930852950365,0.010747003555297851,0.001503613949105631,0.2,5,300,"{'learning_rate': 0.2, 'max_depth': 5, 'n_estimators': 300}",0.5138248847926268,0.7047146401985112,0.7468982630272953,0.6228287841191067,0.669047619047619,0.6514628382370318,0.08002126531965303,47,1.0,1.0,1.0,1.0,1.0,1.0,0.0
2.552961730957031,0.30892967423074547,0.011008834838867188,0.003759345738961251,0.2,5,400,"{'learning_rate': 0.2, 'max_depth': 5, 'n_estimators': 400}",0.5138248847926268,0.7047146401985112,0.7468982630272953,0.6228287841191067,0.6738095238095237,0.6524152191894127,0.08025288681327128,42,1.0,1.0,1.0,1.0,1.0,1.0,0.0
2.472715139389038,0.2169819822061148,0.009638500213623048,0.0013517885806226281,0.2,5,500,"{'learning_rate': 0.2, 'max_depth': 5, 'n_estimators': 500}",0.5138248847926268,0.7047146401985112,0.7468982630272953,0.6228287841191067,0.6738095238095237,0.6524152191894127,0.08025288681327128,42,1.0,1.0,1.0,1.0,1.0,1.0,0.0
1.040580654144287,0.12316104655304881,0.009187650680541993,0.0006639848516451077,0.2,6,100,"{'learning_rate': 0.2, 'max_depth': 6, 'n_estimators': 100}",0.4308755760368664,0.674937965260546,0.7419354838709679,0.6054590570719603,0.6666666666666666,0.6239749497814013,0.1057966971728268,110,1.0,1.0,1.0,1.0,1.0,1.0,0.0
1.9810700416564941,0.21515967419579765,0.010638189315795899,0.001988001607479733,0.2,6,200,"{'learning_rate': 0.2, 'max_depth': 6, 'n_estimators': 200}",0.4423963133640553,0.684863523573201,0.7915632754342432,0.598014888337469,0.6738095238095239,0.6381295049036986,0.11568899595198463,80,1.0,1.0,1.0,1.0,1.0,1.0,0.0
2.0358778476715087,0.2257602773574207,0.012547159194946289,0.005768502628286315,0.2,6,300,"{'learning_rate': 0.2, 'max_depth': 6, 'n_estimators': 300}",0.4423963133640553,0.684863523573201,0.7915632754342432,0.598014888337469,0.6738095238095239,0.6381295049036986,0.11568899595198463,80,1.0,1.0,1.0,1.0,1.0,1.0,0.0
2.0563472270965577,0.18213148336990526,0.01110825538635254,0.0036060206955208646,0.2,6,400,"{'learning_rate': 0.2, 'max_depth': 6, 'n_estimators': 400}",0.4423963133640553,0.684863523573201,0.7915632754342432,0.598014888337469,0.6738095238095239,0.6381295049036986,0.11568899595198463,80,1.0,1.0,1.0,1.0,1.0,1.0,0.0
2.146457147598267,0.30937289461357564,0.010808563232421875,0.0022241453426405456,0.2,6,500,"{'learning_rate': 0.2, 'max_depth': 6, 'n_estimators': 500}",0.4423963133640553,0.684863523573201,0.7915632754342432,0.598014888337469,0.6738095238095239,0.6381295049036986,0.11568899595198463,80,1.0,1.0,1.0,1.0,1.0,1.0,0.0
1.4372524738311767,0.19177060832505147,0.008642816543579101,0.0009669418317353114,0.2,7,100,"{'learning_rate': 0.2, 'max_depth': 7, 'n_estimators': 100}",0.4746543778801844,0.7196029776674938,0.7245657568238214,0.6476426799007444,0.6047619047619048,0.6342455394068298,0.09160976024790003,96,1.0,1.0,1.0,1.0,1.0,1.0,0.0
1.8161412715911864,0.3237496904408988,0.008314418792724609,0.0004080185922716838,0.2,7,200,"{'learning_rate': 0.2, 'max_depth': 7, 'n_estimators': 200}",0.45852534562211983,0.7022332506203474,0.749379652605459,0.6426799007444168,0.5428571428571429,0.6191350584898971,0.10586512523887584,120,1.0,1.0,1.0,1.0,1.0,1.0,0.0
1.8405140876770019,0.40684978771962627,0.015395116806030274,0.012302728071349744,0.2,7,300,"{'learning_rate': 0.2, 'max_depth': 7, 'n_estimators': 300}",0.45852534562211983,0.7022332506203474,0.749379652605459,0.6426799007444168,0.5428571428571429,0.6191350584898971,0.10586512523887584,120,1.0,1.0,1.0,1.0,1.0,1.0,0.0
1.9252550601959229,0.3720895445781517,0.016205549240112305,0.012446302593911801,0.2,7,400,"{'learning_rate': 0.2, 'max_depth': 7, 'n_estimators': 400}",0.45852534562211983,0.7022332506203474,0.749379652605459,0.6426799007444168,0.5428571428571429,0.6191350584898971,0.10586512523887584,120,1.0,1.0,1.0,1.0,1.0,1.0,0.0
2.0790242671966555,0.5378208268910339,0.01370224952697754,0.0094282094029323,0.2,7,500,"{'learning_rate': 0.2, 'max_depth': 7, 'n_estimators': 500}",0.45852534562211983,0.7022332506203474,0.749379652605459,0.6426799007444168,0.5428571428571429,0.6191350584898971,0.10586512523887584,120,1.0,1.0,1.0,1.0,1.0,1.0,0.0
1.510199499130249,0.3467678258625381,0.010715198516845704,0.003235274714804672,0.2,8,100,"{'learning_rate': 0.2, 'max_depth': 8, 'n_estimators': 100}",0.478110599078341,0.6277915632754343,0.6563275434243176,0.6476426799007444,0.7142857142857143,0.6248316199929104,0.0788037967043606,104,1.0,1.0,1.0,1.0,1.0,1.0,0.0
1.3949166774749755,0.1730069088808855,0.00960092544555664,0.0007950382656138409,0.2,8,200,"{'learning_rate': 0.2, 'max_depth': 8, 'n_estimators': 200}",0.478110599078341,0.6277915632754343,0.6563275434243176,0.6476426799007444,0.7142857142857143,0.6248316199929104,0.0788037967043606,104,1.0,1.0,1.0,1.0,1.0,1.0,0.0
1.5892673492431642,0.2153412361653654,0.010106897354125977,0.0011118752273157825,0.2,8,300,"{'learning_rate': 0.2, 'max_depth': 8, 'n_estimators': 300}",0.478110599078341,0.6277915632754343,0.6563275434243176,0.6476426799007444,0.7142857142857143,0.6248316199929104,0.0788037967043606,104,1.0,1.0,1.0,1.0,1.0,1.0,0.0
1.543038272857666,0.2516431723028995,0.009601211547851563,0.0004847085387834648,0.2,8,400,"{'learning_rate': 0.2, 'max_depth': 8, 'n_estimators': 400}",0.478110599078341,0.6277915632754343,0.6563275434243176,0.6476426799007444,0.7142857142857143,0.6248316199929104,0.0788037967043606,104,1.0,1.0,1.0,1.0,1.0,1.0,0.0
1.6228946685791015,0.22179616685657505,0.00913538932800293,0.0008335296920181653,0.2,8,500,"{'learning_rate': 0.2, 'max_depth': 8, 'n_estimators': 500}",0.478110599078341,0.6277915632754343,0.6563275434243176,0.6476426799007444,0.7142857142857143,0.6248316199929104,0.0788037967043606,104,1.0,1.0,1.0,1.0,1.0,1.0,0.0
1.3521103382110595,0.30252205586717307,0.008600997924804687,0.00048613702391211327,0.2,9,100,"{'learning_rate': 0.2, 'max_depth': 9, 'n_estimators': 100}",0.47580645161290325,0.6178660049627792,0.6526054590570719,0.6625310173697271,0.6928571428571428,0.6203332151719249,0.07612613852502888,115,1.0,1.0,1.0,1.0,1.0,1.0,0.0
1.2852367401123046,0.23389114955278664,0.00958099365234375,0.001727742997751446,0.2,9,200,"{'learning_rate': 0.2, 'max_depth': 9, 'n_estimators': 200}",0.47580645161290325,0.6178660049627792,0.6526054590570719,0.6625310173697271,0.6928571428571428,0.6203332151719249,0.07612613852502888,115,1.0,1.0,1.0,1.0,1.0,1.0,0.0
1.3737198829650878,0.2964319038258886,0.008596134185791016,0.0004921979900026442,0.2,9,300,"{'learning_rate': 0.2, 'max_depth': 9, 'n_estimators': 300}",0.47580645161290325,0.6178660049627792,0.6526054590570719,0.6625310173697271,0.6928571428571428,0.6203332151719249,0.07612613852502888,115,1.0,1.0,1.0,1.0,1.0,1.0,0.0
1.4089461326599122,0.18449760649946517,0.009401369094848632,0.0007996707765884785,0.2,9,400,"{'learning_rate': 0.2, 'max_depth': 9, 'n_estimators': 400}",0.47580645161290325,0.6178660049627792,0.6526054590570719,0.6625310173697271,0.6928571428571428,0.6203332151719249,0.07612613852502888,115,1.0,1.0,1.0,1.0,1.0,1.0,0.0
1.4737385749816894,0.21309269466131614,0.008731651306152343,0.0003339310535282725,0.2,9,500,"{'learning_rate': 0.2, 'max_depth': 9, 'n_estimators': 500}",0.47580645161290325,0.6178660049627792,0.6526054590570719,0.6625310173697271,0.6928571428571428,0.6203332151719249,0.07612613852502888,115,1.0,1.0,1.0,1.0,1.0,1.0,0.0
1.108820867538452,0.07382589275789317,0.008865070343017579,0.0007161881790366314,0.2,10,100,"{'learning_rate': 0.2, 'max_depth': 10, 'n_estimators': 100}",0.564516129032258,0.6079404466501241,0.6786600496277916,0.5607940446650124,0.6452380952380953,0.6114297530426562,0.045694540419452596,132,1.0,1.0,1.0,1.0,1.0,1.0,0.0
1.2088082790374757,0.19254679294843396,0.010799932479858398,0.005600309626714485,0.2,10,200,"{'learning_rate': 0.2, 'max_depth': 10, 'n_estimators': 200}",0.564516129032258,0.6079404466501241,0.6786600496277916,0.5607940446650124,0.6571428571428571,0.6138107054236086,0.047661922609133225,126,1.0,1.0,1.0,1.0,1.0,1.0,0.0
1.2304345607757567,0.20830399634550492,0.009307432174682616,0.00040695738154023344,0.2,10,300,"{'learning_rate': 0.2, 'max_depth': 10, 'n_estimators': 300}",0.564516129032258,0.6079404466501241,0.6786600496277916,0.5607940446650124,0.6571428571428571,0.6138107054236086,0.047661922609133225,126,1.0,1.0,1.0,1.0,1.0,1.0,0.0
1.414921808242798,0.24209053721784438,0.008608675003051758,0.0004987334552226228,0.2,10,400,"{'learning_rate': 0.2, 'max_depth': 10, 'n_estimators': 400}",0.564516129032258,0.6079404466501241,0.6786600496277916,0.5607940446650124,0.6571428571428571,0.6138107054236086,0.047661922609133225,126,1.0,1.0,1.0,1.0,1.0,1.0,0.0
1.419940423965454,0.24354637898819195,0.008709859848022462,0.00035668698838690823,0.2,10,500,"{'learning_rate': 0.2, 'max_depth': 10, 'n_estimators': 500}",0.564516129032258,0.6079404466501241,0.6786600496277916,0.5607940446650124,0.6571428571428571,0.6138107054236086,0.047661922609133225,126,1.0,1.0,1.0,1.0,1.0,1.0,0.0
0.5645496845245361,0.08750962030236592,0.012005805969238281,0.00660149284382662,0.3,3,100,"{'learning_rate': 0.3, 'max_depth': 3, 'n_estimators': 100}",0.5829493087557603,0.6327543424317618,0.6923076923076923,0.6054590570719603,0.6761904761904762,0.6379321753515302,0.04129121797904577,84,1.0,1.0,1.0,1.0,1.0,1.0,0.0
1.0642831325531006,0.20373866686064018,0.009208774566650391,0.00039587644628629696,0.3,3,200,"{'learning_rate': 0.3, 'max_depth': 3, 'n_estimators': 200}",0.5806451612903225,0.6253101736972705,0.7320099255583126,0.5856079404466502,0.6976190476190476,0.6442384497223207,0.060651863593859066,70,1.0,1.0,1.0,1.0,1.0,1.0,0.0
1.8768321037292481,0.41152167263903056,0.012281322479248047,0.00578661635894653,0.3,3,300,"{'learning_rate': 0.3, 'max_depth': 3, 'n_estimators': 300}",0.5806451612903225,0.6401985111662531,0.7642679900744417,0.588089330024814,0.6976190476190476,0.6541640080349758,0.06924903801469151,37,1.0,1.0,1.0,1.0,1.0,1.0,0.0
2.007923412322998,0.23831559473835487,0.011922216415405274,0.005790328084578189,0.3,3,400,"{'learning_rate': 0.3, 'max_depth': 3, 'n_estimators': 400}",0.5990783410138248,0.6401985111662531,0.7642679900744417,0.5831265508684863,0.7,0.6573342786246013,0.0670065042767399,30,1.0,1.0,1.0,1.0,1.0,1.0,0.0
2.615344762802124,0.28710526506995815,0.010273456573486328,0.00039160458826942285,0.3,3,500,"{'learning_rate': 0.3, 'max_depth': 3, 'n_estimators': 500}",0.599078341013825,0.6352357320099256,0.7692307692307692,0.5880893300248139,0.6976190476190476,0.6578506439796762,0.06755637200589056,26,1.0,1.0,1.0,1.0,1.0,1.0,0.0
0.7260424137115479,0.0892043782611562,0.014504623413085938,0.006862086663840343,0.3,4,100,"{'learning_rate': 0.3, 'max_depth': 4, 'n_estimators': 100}",0.5,0.7320099255583127,0.7171215880893301,0.588089330024814,0.7023809523809523,0.6479203592106819,0.08976191417050185,63,1.0,1.0,1.0,1.0,1.0,1.0,0.0
1.4172086715698242,0.14195550207909885,0.009408521652221679,0.0010254281189178752,0.3,4,200,"{'learning_rate': 0.3, 'max_depth': 4, 'n_estimators': 200}",0.511520737327189,0.662531017369727,0.7617866004962779,0.6079404466501241,0.6904761904761905,0.6468509984639017,0.08388983681868072,65,1.0,1.0,1.0,1.0,1.0,1.0,0.0
2.141332912445068,0.27497739100935514,0.009123516082763673,0.0006810360068855354,0.3,4,300,"{'learning_rate': 0.3, 'max_depth': 4, 'n_estimators': 300}",0.5299539170506913,0.6674937965260546,0.7866004962779157,0.6153846153846154,0.6928571428571428,0.658457993619284,0.08491650228002741,22,1.0,1.0,1.0,1.0,1.0,1.0,0.0
2.028746557235718,0.18980153614571021,0.009205007553100586,0.0009804315078846828,0.3,4,400,"{'learning_rate': 0.3, 'max_depth': 4, 'n_estimators': 400}",0.5299539170506913,0.6674937965260546,0.7866004962779157,0.6153846153846154,0.6928571428571428,0.658457993619284,0.08491650228002741,22,1.0,1.0,1.0,1.0,1.0,1.0,0.0
1.7888070106506349,0.07345340931343312,0.008703660964965821,0.0007480900966897816,0.3,4,500,"{'learning_rate': 0.3, 'max_depth': 4, 'n_estimators': 500}",0.5299539170506913,0.6674937965260546,0.7866004962779157,0.6153846153846154,0.6928571428571428,0.658457993619284,0.08491650228002741,22,1.0,1.0,1.0,1.0,1.0,1.0,0.0
0.8617452144622803,0.0829325621558942,0.008800172805786132,0.000398590647720275,0.3,5,100,"{'learning_rate': 0.3, 'max_depth': 5, 'n_estimators': 100}",0.5276497695852534,0.6426799007444168,0.7940446650124069,0.6625310173697271,0.6642857142857143,0.6582382133995036,0.0846094503977946,25,1.0,1.0,1.0,1.0,1.0,1.0,0.0
1.662246036529541,0.18097654520606113,0.008798837661743164,0.0004005522670176655,0.3,5,200,"{'learning_rate': 0.3, 'max_depth': 5, 'n_estimators': 200}",0.5391705069124424,0.6377171215880894,0.7965260545905708,0.6550868486352357,0.6642857142857143,0.6585572492024105,0.08217999197631475,21,1.0,1.0,1.0,1.0,1.0,1.0,0.0
1.6616108894348145,0.2579167353070313,0.012720727920532226,0.00797822211611892,0.3,5,300,"{'learning_rate': 0.3, 'max_depth': 5, 'n_estimators': 300}",0.5391705069124424,0.6377171215880894,0.7965260545905708,0.6550868486352357,0.6714285714285714,0.6599858206309819,0.08232910414688376,13,1.0,1.0,1.0,1.0,1.0,1.0,0.0
2.185118818283081,1.0299498416270374,0.015843772888183595,0.012488850465975365,0.3,5,400,"{'learning_rate': 0.3, 'max_depth': 5, 'n_estimators': 400}",0.5391705069124424,0.6377171215880894,0.7965260545905708,0.6550868486352357,0.6714285714285714,0.6599858206309819,0.08232910414688376,13,1.0,1.0,1.0,1.0,1.0,1.0,0.0
3.3049935340881347,2.3204079420809136,0.02770261764526367,0.036412930540219074,0.3,5,500,"{'learning_rate': 0.3, 'max_depth': 5, 'n_estimators': 500}",0.5391705069124424,0.6377171215880894,0.7965260545905708,0.6550868486352357,0.6714285714285714,0.6599858206309819,0.08232910414688376,13,1.0,1.0,1.0,1.0,1.0,1.0,0.0
1.7133995056152345,1.1307445911333627,0.027578401565551757,0.03715728090405213,0.3,6,100,"{'learning_rate': 0.3, 'max_depth': 6, 'n_estimators': 100}",0.4792626728110599,0.7270471464019852,0.7617866004962779,0.6476426799007444,0.6452380952380952,0.6521954389696325,0.09755805927599365,45,1.0,1.0,1.0,1.0,1.0,1.0,0.0
2.118275022506714,1.6344608175773065,0.011278486251831055,0.0046419774526052495,0.3,6,200,"{'learning_rate': 0.3, 'max_depth': 6, 'n_estimators': 200}",0.48847926267281105,0.71712158808933,0.8014888337468982,0.630272952853598,0.6166666666666667,0.6508058608058608,0.10491915303354596,50,1.0,1.0,1.0,1.0,1.0,1.0,0.0
2.1899788856506346,1.6753381278532113,0.02172718048095703,0.02492066431583276,0.3,6,300,"{'learning_rate': 0.3, 'max_depth': 6, 'n_estimators': 300}",0.48847926267281105,0.71712158808933,0.8014888337468982,0.630272952853598,0.6166666666666667,0.6508058608058608,0.10491915303354596,50,1.0,1.0,1.0,1.0,1.0,1.0,0.0
2.368655490875244,2.02827260650649,0.022572422027587892,0.02761573789363201,0.3,6,400,"{'learning_rate': 0.3, 'max_depth': 6, 'n_estimators': 400}",0.48847926267281105,0.71712158808933,0.8014888337468982,0.630272952853598,0.6166666666666667,0.6508058608058608,0.10491915303354596,50,1.0,1.0,1.0,1.0,1.0,1.0,0.0
1.4227563381195067,0.029367348925194877,0.009307622909545898,0.0007466456702715208,0.3,6,500,"{'learning_rate': 0.3, 'max_depth': 6, 'n_estimators': 500}",0.48847926267281105,0.71712158808933,0.8014888337468982,0.630272952853598,0.6166666666666667,0.6508058608058608,0.10491915303354596,50,1.0,1.0,1.0,1.0,1.0,1.0,0.0
1.9347378253936767,1.6932598082729893,0.03167600631713867,0.04674182457342932,0.3,7,100,"{'learning_rate': 0.3, 'max_depth': 7, 'n_estimators': 100}",0.4976958525345622,0.6699751861042184,0.7617866004962779,0.6550868486352357,0.6047619047619047,0.6378612785064398,0.08651869617360641,85,1.0,1.0,1.0,1.0,1.0,1.0,0.0
3.1434383392333984,2.4663820443752114,0.01636199951171875,0.008489119721168023,0.3,7,200,"{'learning_rate': 0.3, 'max_depth': 7, 'n_estimators': 200}",0.4976958525345622,0.6699751861042184,0.7617866004962779,0.6550868486352357,0.6047619047619047,0.6378612785064398,0.08651869617360641,85,1.0,1.0,1.0,1.0,1.0,1.0,0.0
1.1988818645477295,0.06531119399544469,0.010882949829101563,0.0031217676211967257,0.3,7,300,"{'learning_rate': 0.3, 'max_depth': 7, 'n_estimators': 300}",0.4976958525345622,0.6699751861042184,0.7617866004962779,0.6550868486352357,0.6047619047619047,0.6378612785064398,0.08651869617360641,85,1.0,1.0,1.0,1.0,1.0,1.0,0.0
2.1701842308044434,1.8689061025507774,0.00962238311767578,0.00037131127334623994,0.3,7,400,"{'learning_rate': 0.3, 'max_depth': 7, 'n_estimators': 400}",0.4976958525345622,0.6699751861042184,0.7617866004962779,0.6550868486352357,0.6047619047619047,0.6378612785064398,0.08651869617360641,85,1.0,1.0,1.0,1.0,1.0,1.0,0.0
2.130235528945923,1.6227994349388482,0.009400033950805664,0.0004866810044144179,0.3,7,500,"{'learning_rate': 0.3, 'max_depth': 7, 'n_estimators': 500}",0.4976958525345622,0.6699751861042184,0.7617866004962779,0.6550868486352357,0.6047619047619047,0.6378612785064398,0.08651869617360641,85,1.0,1.0,1.0,1.0,1.0,1.0,0.0
1.534278678894043,1.1296223184264165,0.03309464454650879,0.048929780013679765,0.3,8,100,"{'learning_rate': 0.3, 'max_depth': 8, 'n_estimators': 100}",0.4193548387096774,0.6674937965260546,0.5607940446650124,0.5880893300248139,0.5976190476190476,0.5666702115089212,0.08163130868733402,179,1.0,1.0,1.0,1.0,1.0,1.0,0.0
1.6723496913909912,1.2887805663740366,0.012205553054809571,0.004956169444840113,0.3,8,200,"{'learning_rate': 0.3, 'max_depth': 8, 'n_estimators': 200}",0.4193548387096774,0.6674937965260546,0.5607940446650124,0.5880893300248139,0.5976190476190476,0.5666702115089212,0.08163130868733402,179,1.0,1.0,1.0,1.0,1.0,1.0,0.0
1.115058422088623,0.1123486947712322,0.009701061248779296,0.000871995663944637,0.3,8,300,"{'learning_rate': 0.3, 'max_depth': 8, 'n_estimators': 300}",0.4193548387096774,0.6674937965260546,0.5607940446650124,0.5880893300248139,0.5976190476190476,0.5666702115089212,0.08163130868733402,179,1.0,1.0,1.0,1.0,1.0,1.0,0.0
2.3806034564971923,1.361390868529798,0.02735910415649414,0.036235185910941325,0.3,8,400,"{'learning_rate': 0.3, 'max_depth': 8, 'n_estimators': 400}",0.4193548387096774,0.6674937965260546,0.5607940446650124,0.5880893300248139,0.5976190476190476,0.5666702115089212,0.08163130868733402,179,1.0,1.0,1.0,1.0,1.0,1.0,0.0
1.9633649349212647,1.6503471432072083,0.03209762573242188,0.04361920529324626,0.3,8,500,"{'learning_rate': 0.3, 'max_depth': 8, 'n_estimators': 500}",0.4193548387096774,0.6674937965260546,0.5607940446650124,0.5880893300248139,0.5976190476190476,0.5666702115089212,0.08163130868733402,179,1.0,1.0,1.0,1.0,1.0,1.0,0.0
1.2949624538421631,0.8029902199389495,0.008939123153686524,0.0009503135185516856,0.3,9,100,"{'learning_rate': 0.3, 'max_depth': 9, 'n_estimators': 100}",0.43778801843317977,0.6290322580645161,0.6799007444168735,0.6799007444168735,0.6023809523809525,0.6058005435424791,0.08917543865459768,139,1.0,1.0,1.0,1.0,1.0,1.0,0.0
0.9170189380645752,0.07775038684999072,0.009000110626220702,0.0008976379194065041,0.3,9,200,"{'learning_rate': 0.3, 'max_depth': 9, 'n_estimators': 200}",0.43778801843317977,0.6290322580645161,0.6799007444168735,0.6799007444168735,0.6023809523809525,0.6058005435424791,0.08917543865459768,139,1.0,1.0,1.0,1.0,1.0,1.0,0.0
1.9866461753845215,1.2384118484359627,0.035661745071411136,0.0502303181563815,0.3,9,300,"{'learning_rate': 0.3, 'max_depth': 9, 'n_estimators': 300}",0.43778801843317977,0.6290322580645161,0.6799007444168735,0.6799007444168735,0.6023809523809525,0.6058005435424791,0.08917543865459768,139,1.0,1.0,1.0,1.0,1.0,1.0,0.0
1.6046499252319335,1.2518754020868978,0.009163284301757812,0.0005685852862221296,0.3,9,400,"{'learning_rate': 0.3, 'max_depth': 9, 'n_estimators': 400}",0.43778801843317977,0.6290322580645161,0.6799007444168735,0.6799007444168735,0.6023809523809525,0.6058005435424791,0.08917543865459768,139,1.0,1.0,1.0,1.0,1.0,1.0,0.0
1.7175418853759765,1.3208484251625763,0.026883506774902345,0.03622220826492333,0.3,9,500,"{'learning_rate': 0.3, 'max_depth': 9, 'n_estimators': 500}",0.43778801843317977,0.6290322580645161,0.6799007444168735,0.6799007444168735,0.6023809523809525,0.6058005435424791,0.08917543865459768,139,1.0,1.0,1.0,1.0,1.0,1.0,0.0
1.5834900379180907,1.0982982178270755,0.011967897415161133,0.007417561724052955,0.3,10,100,"{'learning_rate': 0.3, 'max_depth': 10, 'n_estimators': 100}",0.5483870967741935,0.6203473945409429,0.6637717121588089,0.5235732009925559,0.675,0.6062158808933003,0.06069202459268109,134,1.0,0.9999999999999999,1.0,1.0,0.9999999999999999,1.0,7.021666937153402e-17
1.32345552444458,1.1017829784506417,0.03078317642211914,0.04024640935616038,0.3,10,200,"{'learning_rate': 0.3, 'max_depth': 10, 'n_estimators': 200}",0.5483870967741935,0.6203473945409429,0.6637717121588089,0.5235732009925559,0.675,0.6062158808933003,0.06069202459268109,134,1.0,0.9999999999999999,1.0,1.0,0.9999999999999999,1.0,7.021666937153402e-17
1.1737131118774413,0.7062161012065545,0.009744071960449218,0.0012159725688215119,0.3,10,300,"{'learning_rate': 0.3, 'max_depth': 10, 'n_estimators': 300}",0.5483870967741935,0.6203473945409429,0.6637717121588089,0.5235732009925559,0.675,0.6062158808933003,0.06069202459268109,134,1.0,0.9999999999999999,1.0,1.0,0.9999999999999999,1.0,7.021666937153402e-17
1.2876903533935546,0.8525346396845123,0.010669374465942382,0.0026783509953006994,0.3,10,400,"{'learning_rate': 0.3, 'max_depth': 10, 'n_estimators': 400}",0.5483870967741935,0.6203473945409429,0.6637717121588089,0.5235732009925559,0.675,0.6062158808933003,0.06069202459268109,134,1.0,0.9999999999999999,1.0,1.0,0.9999999999999999,1.0,7.021666937153402e-17
1.529220962524414,0.6722873750917736,0.0160733699798584,0.014754145631788132,0.3,10,500,"{'learning_rate': 0.3, 'max_depth': 10, 'n_estimators': 500}",0.5483870967741935,0.6203473945409429,0.6637717121588089,0.5235732009925559,0.675,0.6062158808933003,0.06069202459268109,134,1.0,0.9999999999999999,1.0,1.0,0.9999999999999999,1.0,7.021666937153402e-17
